node,parents,cells,mean_abs_diff,max_abs_diff,mean_kl
RiverLevel,"Rainfall, SoilMoisture",9,0.2666,0.6826,0.5775
Humidity,Rainfall,3,0.2719,0.5609,0.4456
WindSpeed,PressureDrop,2,0.1413,0.273,0.2609
Urbanisation,-,1,0.2743,0.2743,0.1554
SoilMoisture,"Rainfall, Humidity",9,0.1194,0.3259,0.143
Temperature,Season,3,0.1178,0.2864,0.1098
HospitalDemand,"RescueNeeded, Heatwave",4,0.0864,0.2446,0.0986
Rainfall,Season,3,0.0738,0.1392,0.0557
PressureDrop,SeaSurfaceTemp,2,0.0983,0.1473,0.0346
Slope,-,1,0.0665,0.0998,0.0208
Heatwave,"Temperature, Humidity",9,0.0469,0.1247,0.0191
SeaSurfaceTemp,Season,3,0.0652,0.0958,0.0139
Flood,"RiverLevel, SoilMoisture, Urbanisation",18,0.0356,0.089,0.0101
Cyclone,"PressureDrop, WindSpeed, SeaSurfaceTemp",16,0.0287,0.1427,0.0069
Landslide,"Rainfall, SoilMoisture, Slope",27,0.0199,0.15,0.0048
RescueNeeded,"Flood, Landslide, Cyclone",8,0.0131,0.025,0.0024
RoadBlocked,"Flood, Landslide, Cyclone",8,0.0124,0.0391,0.0016
Season,-,1,0.0021,0.0032,0.0
