model,hazard,auc,brier,log_loss,accuracy@0.5,base_rate
BN-expert (no data),Flood,0.8746,0.0808,0.275,0.8876,0.1455
BN-expert (no data),Landslide,0.9102,0.049,0.1742,0.9354,0.0859
BN-expert (no data),Cyclone,0.9231,0.0723,0.2333,0.8738,0.1462
BN-expert (no data),Heatwave,0.9248,0.0357,0.1531,0.9679,0.077
BN-MLE,Flood,0.8928,0.079,0.2614,0.8876,0.1455
BN-MLE,Landslide,0.9112,0.0485,0.1733,0.9361,0.0859
BN-MLE,Cyclone,0.9197,0.0687,0.2278,0.9082,0.1462
BN-MLE,Heatwave,0.9268,0.0297,0.1236,0.9679,0.077
BN-BDeu,Flood,0.8914,0.079,0.2616,0.8876,0.1455
BN-BDeu,Landslide,0.9095,0.0486,0.1735,0.9361,0.0859
BN-BDeu,Cyclone,0.9272,0.0686,0.2239,0.9082,0.1462
BN-BDeu,Heatwave,0.9294,0.0295,0.1209,0.9679,0.077
BN-Bayes (expert prior),Flood,0.8907,0.079,0.2617,0.8879,0.1455
BN-Bayes (expert prior),Landslide,0.9118,0.0485,0.1731,0.9361,0.0859
BN-Bayes (expert prior),Cyclone,0.9235,0.0685,0.2241,0.9082,0.1462
BN-Bayes (expert prior),Heatwave,0.9292,0.0295,0.1201,0.9679,0.077
LogisticRegression,Flood,0.9122,0.0759,0.2458,0.8935,0.1455
LogisticRegression,Landslide,0.918,0.044,0.1633,0.9453,0.0859
LogisticRegression,Cyclone,0.9516,0.0563,0.1853,0.921,0.1462
LogisticRegression,Heatwave,0.987,0.0227,0.0757,0.9695,0.077
RandomForest,Flood,0.9011,0.0782,0.2569,0.8889,0.1455
RandomForest,Landslide,0.9142,0.0444,0.1661,0.9443,0.0859
RandomForest,Cyclone,0.9469,0.058,0.1929,0.9184,0.1462
RandomForest,Heatwave,0.983,0.0232,0.082,0.9718,0.077
GradientBoosting,Flood,0.9077,0.0778,0.2527,0.8879,0.1455
GradientBoosting,Landslide,0.9199,0.0449,0.1616,0.9413,0.0859
GradientBoosting,Cyclone,0.9462,0.0592,0.2069,0.9197,0.1462
GradientBoosting,Heatwave,0.9858,0.0231,0.079,0.9712,0.077
